"Source","Df","SS","MS","Pseudo F","p-value","Component","Var","SD"
"Model",2,3.04064036824624,0.306309588688792,5.07800052081271,0.001,0.153154794344396,1.52032018412312,1.23301264556497
"Residual",23,6.88604975354265,0.693690411311209,NA,NA,0.346845205655604,0.299393467545333,0.547168591519408
"Total",25,9.92669012178889,1,NA,NA,0.5,0.397067604871556,0.630133005699238
