"Source","Df","SS","MS","Pseudo F","p-value","Component","Var","SD"
"Model",2,3.04206615603291,0.30636749557545,5.07938451073686,0.001,0.153183747787725,1.52103307801645,1.23330169788923
"Residual",23,6.88740155828514,0.69363250442455,NA,NA,0.346816252212275,0.299452241664571,0.547222296388379
"Total",25,9.92946771431804,1,NA,NA,0.5,0.397178708572722,0.630221158461632
