"Source","Df","SS","MS","Pseudo F","p-value","Component","Var","SD"
"Model",2,2.83192989597516,0.278120830896883,4.43064392519862,0.001,0.139060415448442,1.41596494798758,1.18994325410398
"Residual",23,7.35044258882852,0.721879169103117,NA,NA,0.360939584551558,0.319584460383849,0.565318017034526
"Total",25,10.1823724848037,1,NA,NA,0.5,0.407294899392147,0.638196599326686
